alpina_pablisher,Альпина паблишер
aromacode_2,Аромакод
aryahome_ru,Эрай Хом
davines.ru,Давинес
detmir.ru,Детский Мир
dogeat.ru,Дог Ит
elemis.ru,Элемис
erborian.ru,Эрбориан
https://ювелирочка.рф,Ювелирочка
ip_shalev,МиксПикс
lensmaster_ru,Ленсмастер
lgcity.ru,Леди и Джентльмены
loccitane.ru,Локситан
Ohcasey_ru,Окэйс
ohimo.ru,Отличный ход
PlayToday,Плэй Тудей
Saferoute,Сэйвроут
Stockmann,Стокманн
tomdom.ru,Томдом
tupperware.ru,Тапервэр
www.fitocosmetic.ru,Фитокосметик
ИМД,Императорский Монетный Двор
Интернет магазин 1,Интернет магазин номер один
Интернет-магазин №1,Интернет магазин номер один
ИП Филинова С.В.,ИПэ Филинова
Мой Мир,Мой Мир
"ООО ""Императорский бутик""",Императорский бутик
ООО Телеритейл,Телеритейл
Ювелирка,Ювелирка